term,difficult_concept,term_domain,original,simplify,explain,define,personalize
Halting_problem,arbitrary,STEM.Mathematics,"In computability theory, the halting problem is the problem of determining, from a description of an arbitrary computer program and an input, whether the program will finish running or continue to run forever.","In computability theory, the halting problem is about figuring out if any given computer program, when run with a specific input, will eventually stop or keep running indefinitely.","In computability theory, the halting problem involves determining whether a given computer program, which can be any program without specific constraints or patterns, will eventually stop running or continue to execute indefinitely when provided with a particular input.","In computability theory, the halting problem is the problem of determining, from a description of an arbitrary computer program and an input, whether the program will finish running or continue to run forever. Arbitrariness is the quality of being ""determined by chance, whim, or impulse, and not by necessity, reason, or principle"".","In the world of computability theory, imagine you're given a random computer program and some input. The halting problem is all about figuring out whether this program will eventually stop running or just keep going forever. It's like trying to predict if a movie will ever end without knowing the plot!"
Host_adapter,computer hardware,STEM.Computing,"In computer hardware, a host controller, host adapter, or host bus adapter (HBA) connects a computer, which acts as the host system, to other network and storage devices.","In computer hardware, a host controller or host adapter is a device that links a computer to other network and storage devices.","In the realm of computer hardware, a host controller, also known as a host adapter or host bus adapter (HBA), is a crucial component that facilitates the connection between a computer, serving as the host system, and various network and storage devices. This connection allows the host system to communicate and interact with external devices, enabling data transfer and resource sharing. The host controller acts as an interface, managing the data flow between the computer and the connected devices, ensuring efficient and seamless operation within the network or storage environment.","In computer hardware, a host controller, host adapter, or host bus adapter (HBA) connects a computer, which acts as the host system, to other network and storage devices. Computer hardware includes the physical parts of a computer, such as the central processing unit (CPU), random access memory (RAM), motherboard, computer data storage, graphics card, sound card, and computer case.","In the world of computer hardware, a host controller, host adapter, or host bus adapter (HBA) is like the ultimate connector for your computer. Imagine your computer as the main hub or ""host"" at a party, and these adapters are the cool friends that help it connect and communicate with other devices, like network buddies and storage pals. They're essential for making sure your computer can smoothly interact with all the tech around it, keeping everything in sync and running efficiently."
Oryzopsis_hymenoides,common name,STEM.Biology,"Oryzopsis hymenoides (Synonym: Stipa hymenoides, common names: Indian ricegrass and sand rice grass) is a perennial cool-season bunchgrass with very narrow, rolled leaf blades.","A ""common name"" is a simple, everyday name used by people to refer to a plant or animal, like calling Oryzopsis hymenoides ""Indian ricegrass"" or ""sand rice grass.""","Oryzopsis hymenoides, also known by its synonym Stipa hymenoides, is a perennial cool-season bunchgrass characterized by its very narrow, rolled leaf blades. It is commonly referred to by the names Indian ricegrass and sand rice grass. The term ""common name"" refers to the non-scientific names that are often used by the general public to identify a species. These names are typically easier to remember and pronounce than the scientific names and can vary by region and language.",,"Oryzopsis hymenoides, also known as Indian ricegrass or sand rice grass, is a cool-season perennial bunchgrass that's perfect for your next landscape design project. With its sleek, narrow, rolled leaf blades, this grass adds a touch of elegance and resilience to any environment. Whether you're exploring sustainable design or looking for inspiration in natural forms, this hardy plant is a great example of nature's adaptability and beauty."
Bayan_Shireh_Formation,cretaceous,STEM.Biology,"The Bayan Shireh Formation (also known as Bayanshiree Svita or the Baynshirenskaya Formation) is a geological formation in Burkhant, Mongolia, that dates to the late Cretaceous period.","The Bayan Shireh Formation is a layer of rock in Burkhant, Mongolia, from the late part of the Cretaceous period.","The Bayan Shireh Formation, also referred to as the Bayanshiree Svita or the Baynshirenskaya Formation, is a geological formation located in Burkhant, Mongolia. It dates back to the late Cretaceous period, a time in Earth's history approximately 100.5 to 66 million years ago, characterized by the dominance of dinosaurs and significant geological and climatic changes.","The Bayan Shireh Formation (also known as Bayanshiree Svita or the Baynshirenskaya Formation) is a geological formation in Burkhant, Mongolia, that dates to the late Cretaceous period. The Cretaceous (IPA: krih-TAY-sh?ss) is a geological period that lasted from about 145 to 66 million years ago (Mya).","The Bayan Shireh Formation, also known as Bayanshiree Svita or the Baynshirenskaya Formation, is a fascinating geological site in Burkhant, Mongolia. It hails from the late Cretaceous period, a time when dinosaurs roamed the Earth and the planet was undergoing significant changes. This formation offers a glimpse into the ancient past, showcasing the Earth's dynamic history and the natural processes that have shaped the landscapes we design and build on today."
Pipeline_(software),software engineering,STEM.Computing,"In software engineering, a pipeline consists of a chain of processing elements (processes, threads, coroutines, functions, etc.),","In software engineering, a pipeline is a series of steps or stages where each one processes data and passes it to the next.","In the field of software engineering, which involves the systematic design, development, and maintenance of software systems, a pipeline refers to a sequence of processing elements such as processes, threads, coroutines, or functions. These elements are organized in a chain, where the output of one element serves as the input for the next, facilitating efficient data processing and task execution.","In software engineering, a pipeline consists of a chain of processing elements (processes, threads, coroutines, functions, etc.), Software engineering is a field within computer science focused on designing, developing, testing, and maintening of software applications.","In software engineering, a pipeline is like a digital assembly line where different tasks (like processes, threads, or functions) work together in sequence to build something awesome, much like how different teams collaborate to construct a building in architecture."
Radiologic_sign,physician,STEM.Medicine_&_Health,"A radiologic sign is an objective indication of some medical fact (that is, a medical sign) that is detected by a physician during radiologic examination with medical imaging (for example, via an X-ray, CT scan, MRI scan, or sonographic scan).","A radiologic sign is a clear indication of a medical condition that a doctor finds during an imaging test, like an X-ray, CT scan, MRI, or ultrasound.","A radiologic sign is an objective indication of a medical fact, known as a medical sign, that is identified by a physician during a radiologic examination using medical imaging techniques such as X-rays, CT scans, MRI scans, or sonographic scans. A physician is a medical professional who is trained to diagnose and treat illnesses, and in this context, they use their expertise to interpret imaging results to detect these signs.","A radiologic sign is an objective indication of some medical fact (that is, a medical sign) that is detected by a physician during radiologic examination with medical imaging (for example, via an X-ray, CT scan, MRI scan, or sonographic scan). A physician, medical practitioner (British English), medical doctor, or simply doctor is a health professional who practices medicine, which is concerned with promoting, maintaining or restoring health through the study, diagnosis, prognosis and treatment of disease, injury, and other physical and mental impairments.","A radiologic sign is like a clue in a medical mystery that a doctor uncovers using cool imaging tech like X-rays, CT scans, MRIs, or ultrasounds. These signs help doctors figure out what's going on inside your body, kind of like how you use blueprints to understand a building's structure."
Solvency,finance,History_and_Society.Business_and_economics,"Solvency, in finance or business, is the degree to which the current assets of an individual or entity exceed the current liabilities of that individual or entity.",Solvency in finance or business means having more assets than debts.,"Solvency, in the context of finance or business, refers to the ability of an individual or entity to meet its long-term financial obligations. It is determined by comparing the current assets, which are resources owned and can be converted into cash, to the current liabilities, which are debts or obligations that need to be paid. A solvent individual or entity has assets that exceed liabilities, indicating financial stability and the capacity to cover debts as they come due.","Solvency, in finance or business, is the degree to which the current assets of an individual or entity exceed the current liabilities of that individual or entity. Finance refers to monetary resources and to the study and discipline of money, currency, assets and liabilities.","Solvency is like having a solid financial foundation. It means making sure you have more money and resources than debts or bills. It's about being in a good spot financially, so you can focus on designing amazing buildings without worrying about running out of cash."
Echinorhynchida,phylum,STEM.Biology,Echinorhynchida are an order of parasitic worms from the phylum Acanthocephala.,Echinorhynchida are a group of parasitic worms that belong to the larger category called Acanthocephala.,"Echinorhynchida are an order of parasitic worms belonging to the phylum Acanthocephala, which is a major classification group in biological taxonomy. A phylum is a level of classification or taxonomic rank below kingdom and above class, used to group organisms that share a basic structural framework and evolutionary ancestry. In this case, the phylum Acanthocephala includes worms characterized by their spiny proboscis, which they use to attach to the intestinal walls of their hosts.","Echinorhynchida are an order of parasitic worms from the phylum Acanthocephala. In biology, a phylum (; pl.: phyla) is a level of classification or taxonomic rank below kingdom and above class.","Echinorhynchida are a group of parasitic worms that belong to the phylum Acanthocephala, which is like a big family tree in the animal kingdom. Imagine it as a unique architectural blueprint for these creatures, defining their structure and lifestyle."
Fancy_pigeon,Domestic pigeon,STEM.Biology,"Fancy pigeons are a type of domestic pigeons, which are domesticated varieties of the wild rock dove (Columba livia).",Fancy pigeons are domesticated pigeons that come from the wild rock dove.,"Domestic pigeons are birds that have been bred and tamed from the wild rock dove (Columba livia) for various purposes, including companionship, sport, and exhibition. Among these, fancy pigeons are specific varieties that have been selectively bred for unique and ornamental features, often showcased in pigeon shows and competitions.","Fancy pigeons are a type of domestic pigeons, which are domesticated varieties of the wild rock dove (Columba livia). The domestic pigeon (Columba livia domestica or Columba livia forma domestica) is a pigeon subspecies that was derived from the rock dove or rock pigeon.","Fancy pigeons are like the cool, designer versions of your everyday pigeons. They're domesticated breeds of the wild rock dove (Columba livia), and just like how architects transform spaces, breeders have transformed these birds into unique and stylish varieties."
Transactivation,gene expression,STEM.Biology,"In the context of gene regulation: transactivation is the increased rate of gene expression triggered either by biological processes or by artificial means, through the expression of an intermediate transactivator protein.","Transactivation is when the activity of a gene is increased, either naturally or artificially, by a protein that helps turn the gene on.","In the context of gene regulation, transactivation refers to the process by which the rate of gene expression is increased. Gene expression is the process by which the information encoded in a gene is used to produce a functional product, such as a protein. Transactivation can be triggered by biological processes or artificially, often involving the expression of an intermediate transactivator protein that enhances the transcription of a target gene, thereby increasing the production of its corresponding protein.","In the context of gene regulation: transactivation is the increased rate of gene expression triggered either by biological processes or by artificial means, through the expression of an intermediate transactivator protein. Gene expression is the process by which information from a gene is used in the synthesis of a functional gene product that enables it to produce end products, proteins or non-coding RNA, and ultimately affect a phenotype.","Gene expression is like the blueprint activation process in your body. Imagine your DNA as a massive library of architectural designs, each representing a different trait or function. Gene expression is the moment when one of these designs is pulled off the shelf and put into action, turning the blueprint into a real structure. Transactivation is when this process gets a boost, like when a project manager steps in to speed up construction. This can happen naturally, through biological signals, or artificially, with the help of special proteins that act like catalysts, ensuring the design is executed faster and more efficiently."
League_of_Communists_of_Yugoslavia,communist party,History_and_Society.Politics_and_government,"The League of Communists of Yugoslavia, before 1952 the Communist Party of Yugoslavia, was the country's largest communist party, and the ruling party of SFR Yugoslavia.","The Communist Party of Yugoslavia, later known as the League of Communists of Yugoslavia, was the main political party in Yugoslavia and led the country.","The League of Communists of Yugoslavia, known as the Communist Party of Yugoslavia before 1952, was the dominant political party in the Socialist Federal Republic of Yugoslavia. As a communist party, it adhered to the principles of communism, which advocate for a classless society where the means of production are owned and controlled collectively. This party played a central role in governing the country, implementing policies based on Marxist-Leninist ideology, which seeks to establish a society without private property and with equal distribution of resources.","The League of Communists of Yugoslavia, before 1952 the Communist Party of Yugoslavia, was the country's largest communist party, and the ruling party of SFR Yugoslavia. A communist party is a political party that seeks to realize the socio-economic goals of communism.","The Communist Party of Yugoslavia, later known as the League of Communists of Yugoslavia, was the powerhouse political party that shaped the Socialist Federal Republic of Yugoslavia. Imagine it as the central hub of political life, driving the country's socialist agenda and influencing everything from urban planning to cultural development. Understanding this party's impact is key to grasping how Yugoslavia's unique blend of Brutalist architecture and socialist ideals came to life."
Penaeidae,Crustacea,STEM.Biology,"Penaeidae is a family of marine crustacean in the suborder Dendrobranchiata, which are often referred to as penaeid shrimp or penaeid prawn.","Penaeidae is a family of marine crustaceans, commonly known as penaeid shrimp or prawns, belonging to the suborder Dendrobranchiata.","Penaeidae is a family of marine crustaceans belonging to the suborder Dendrobranchiata. Crustaceans are a diverse group of arthropods that typically have a hard exoskeleton, segmented bodies, and jointed limbs. Members of the Penaeidae family are commonly known as penaeid shrimp or penaeid prawn, and they are characterized by their elongated bodies and specialized gills. These marine creatures are an important part of aquatic ecosystems and are also significant in commercial fishing and aquaculture.","Penaeidae is a family of marine crustacean in the suborder Dendrobranchiata, which are often referred to as penaeid shrimp or penaeid prawn. Crustaceans (from Latin meaning: ""those with shells"" or ""crusted ones"") are invertebrate animals that constitute one group of arthropods that are a part of the subphylum Crustacea (), a large, diverse group of mainly aquatic arthropods including decapods (shrimps, prawns, crabs, lobsters and crayfish), seed shrimp, branchiopods, fish lice, krill, remipedes, isopods, barnacles, copepods, opossum shrimps, amphipods and mantis shrimp.","Penaeidae is like the cool family of sea creatures you might know as shrimp or prawns, hanging out in the ocean's depths. They're part of the Dendrobranchiata squad, which makes them unique among crustaceans. If you're into architecture, think of them as the sleek, streamlined designs of the marine world, perfectly adapted to their underwater environment."
New_World_barbet,Piciformes,STEM.Biology,"New World barbets, family Capitonidae, are near passerine birds of the order Piciformes which inhabit humid forests in Central and South America.","Piciformes are birds that include New World barbets, which belong to the Capitonidae family and live in the humid forests of Central and South America.","Piciformes is an order of birds that includes various families, one of which is the Capitonidae, commonly known as New World barbets. These near passerine birds are typically found in the humid forests of Central and South America. The order Piciformes is characterized by species that often have zygodactyl feet (two toes facing forward and two backward), which aid in climbing and perching, and many members of this order are known for their strong bills adapted for feeding on insects and fruit.","New World barbets, family Capitonidae, are near passerine birds of the order Piciformes which inhabit humid forests in Central and South America. Nine families of largely arboreal birds make up the order Piciformes , the best-known of them being the Picidae, which includes the woodpeckers and close relatives.","New World barbets, part of the Capitonidae family, are cool, colorful birds from the Piciformes order. They hang out in the lush, humid forests of Central and South America, adding a splash of color and life to the canopy."
Chlorella,genus,STEM.Biology,Chlorella is a genus of single-cell green algae belonging to the division Chlorophyta.,Chlorella is a group of single-celled green algae that are part of the Chlorophyta division.,"Chlorella refers to a group, or genus, of single-celled green algae that are part of the division Chlorophyta. In biological classification, a genus is a rank used to categorize a group of species that are closely related and share a common ancestor.","Chlorella is a genus of single-cell green algae belonging to the division Chlorophyta. Genre (French for 'kind, sort') is any style or form of communication in any mode (written, spoken, digital, artistic, etc.) with socially agreed-upon conventions developed over time.","Chlorella is a type of single-celled green algae that falls under the Chlorophyta division. Think of it as a unique category or ""genus"" of algae, much like how different styles of architecture fall under broader categories."
Statistical_process_control,quality control,STEM.Mathematics,Statistical process control (SPC) is a method of quality control which employs statistical methods to monitor and control a process.,Quality control is a method that uses statistics to keep an eye on and manage a process.,"Statistical process control (SPC) is a technique used in quality control that utilizes statistical methods to oversee and manage a process. Quality control itself refers to the systematic approach of ensuring that products or services meet specified standards and requirements. By applying statistical tools, SPC helps identify variations in the process, allowing for timely interventions to maintain consistency and improve the overall quality of the output.",Statistical process control (SPC) is a method of quality control which employs statistical methods to monitor and control a process. Quality control (QC) is a process by which entities review the quality of all factors involved in production.,"Quality control is like having a smart assistant for your architecture projects. It uses statistical tools to keep an eye on your design and construction processes, ensuring everything stays on track and meets high standards. Think of it as a way to catch potential issues early, so your projects are not only creative but also precise and reliable."
STAT_protein,protein family,STEM.Biology,"Members of the signal transducer and activator of transcription (STAT) protein family are intracellular transcription factors that mediate many aspects of cellular immunity, proliferation, apoptosis and differentiation.","Members of the STAT protein family are proteins inside cells that help control how cells grow, divide, die, and develop, as well as how they respond to immune signals.","A protein family is a group of proteins that share a common evolutionary origin, reflected in their similar structures and functions. Members of the signal transducer and activator of transcription (STAT) protein family are a specific group of intracellular transcription factors. These proteins play crucial roles in mediating various cellular processes, including immunity, cell proliferation, programmed cell death (apoptosis), and differentiation.","Members of the signal transducer and activator of transcription (STAT) protein family are intracellular transcription factors that mediate many aspects of cellular immunity, proliferation, apoptosis and differentiation. A protein family is a group of evolutionarily related proteins.","The STAT protein family is like a group of superhero messengers inside your cells. These proteins play a crucial role in controlling how cells grow, divide, and even self-destruct when necessary. They are key players in your body defense system, helping to keep everything running smoothly and responding to challenges."
Cleistogamy,self-pollination,STEM.Biology,"Cleistogamy is a type of automatic self-pollination of certain plants that can propagate by using non-opening, self-pollinating flowers.",Self-pollination is when a plant fertilizes itself using flowers that don't open.,"Cleistogamy is a form of self-pollination in which certain plants reproduce using flowers that do not open. These flowers are specifically adapted to pollinate themselves without the need for external pollinators, ensuring that the plant can propagate even in the absence of favorable conditions for cross-pollination.","Cleistogamy is a type of automatic self-pollination of certain plants that can propagate by using non-opening, self-pollinating flowers. Self-pollination is a form of pollination in which pollen arrives at the stigma of a flower (in flowering plants) or at the ovule (in gymnosperms) of the same plant.","Cleistogamy is like a plant's secret hack for self-pollination. Imagine a flower that doesn't even bother to open up to the world; it just gets the job done on its own. These plants have a built-in system to reproduce using flowers that stay closed, ensuring they can keep growing without any outside help. It's nature's way of keeping things efficient and low-key!"
Gendarmerie,jurisdiction,History_and_Society.Politics_and_government,A gendarmerie or gendarmery ( or ) is a military component with jurisdiction in civil law enforcement.,A gendarmerie is a military group that has the authority to enforce civil laws.,"A gendarmerie, or gendarmery, is a military organization that is responsible for enforcing civil law within a specific area of authority, known as its jurisdiction. Jurisdiction refers to the official power or authority that the gendarmerie has to make legal decisions and enforce laws within a designated geographic area or over certain types of legal matters.",A gendarmerie or gendarmery ( or ) is a military component with jurisdiction in civil law enforcement. Jurisdiction (from Latin juris 'law' + dictio 'speech' or 'declaration') is the legal term for the legal authority granted to a legal entity to enact justice.,"A gendarmerie is like a special team that combines military skills with police duties, having the authority to enforce laws and keep the peace in civilian areas."
Conserved_sequence,evolutionary biology,STEM.Biology,"In evolutionary biology, conserved sequences are similar or identical sequences in nucleic acids (DNA and RNA), proteins, or polysaccharides across species (orthologous sequences) or within different molecules produced by the same organism (paralogous sequences).","In evolutionary biology, conserved sequences are parts of DNA, RNA, proteins, or sugars that remain very similar or unchanged across different species or within different molecules in the same organism.","In the field of evolutionary biology, which studies the processes that have led to the diversity of life on Earth, conserved sequences refer to similar or identical sequences found in nucleic acids (such as DNA and RNA), proteins, or polysaccharides. These sequences can be conserved across different species, known as orthologous sequences, or within different molecules produced by the same organism, known as paralogous sequences. The conservation of these sequences suggests that they have important biological functions that have been maintained throughout evolution.","In evolutionary biology, conserved sequences are similar or identical sequences in nucleic acids (DNA and RNA), proteins, or polysaccharides across species (orthologous sequences) or within different molecules produced by the same organism (paralogous sequences). Evolutionary biology is the subfield of biology that studies the evolutionary processes (natural selection, common descent, speciation) that produced the diversity of life on Earth.","In evolutionary biology, conserved sequences are like the blueprints that nature keeps using over and over. These are stretches of DNA, RNA, proteins, or complex sugars that stay pretty much the same across different species or within the same organism. Think of them as the timeless design elements in the architecture of life, showing up in different projects but always serving a crucial function."
Protein_quaternary_structure,protein subunit,STEM.Biology,Protein quaternary structure is the number and arrangement of multiple folded protein subunits in a multi-subunit complex.,A protein subunit is a single folded protein that joins with others to form a larger complex.,"Protein quaternary structure refers to the specific number and arrangement of multiple folded protein subunits that come together to form a larger multi-subunit complex. A protein subunit is an individual protein molecule that can independently fold into a stable structure. These subunits interact with each other through various non-covalent interactions, such as hydrogen bonds, ionic bonds, and hydrophobic interactions, to create a functional protein complex. The quaternary structure is crucial for the biological activity of many proteins, as the arrangement and interaction of subunits can affect the protein's stability, function, and regulation.","Protein quaternary structure is the number and arrangement of multiple folded protein subunits in a multi-subunit complex. In structural biology, a protein subunit is a polypeptide chain or single protein molecule that assembles (or ""coassembles"") with others to form a protein complex.","Think of a protein subunit like a single piece of a complex LEGO set. In the world of proteins, these subunits are individual, folded pieces that come together to form a larger, functional structure, much like how individual LEGO bricks combine to create an intricate model. This larger assembly, known as the protein's quaternary structure, is all about how these subunits fit together and interact to perform specific tasks in the body. Just as in architecture, where the arrangement and connection of different elements create a cohesive building, the arrangement of protein subunits is crucial for the protein's overall function."
Friendly_society,pension,History_and_Society.Business_and_economics,"A friendly society (sometimes called a mutual society, benevolent society, fraternal organization or ROSCA) is a mutual association for the purposes of insurance, pensions, savings or cooperative banking.",A pension is a retirement plan that provides regular payments to individuals after they stop working.,"A friendly society, also known as a mutual society, benevolent society, fraternal organization, or ROSCA, is a mutual association that provides services such as insurance, pensions, savings, or cooperative banking. A pension is a retirement plan that provides a regular income to individuals after they retire from work. It is typically funded by contributions from both the employee and employer during the employee's working years, allowing the individual to have financial security in retirement.","A friendly society (sometimes called a mutual society, benevolent society, fraternal organization or ROSCA) is a mutual association for the purposes of insurance, pensions, savings or cooperative banking.","A friendly society, also known as a mutual society or fraternal organization, is like a financial support club where members come together to help each other with things like insurance, pensions, savings, or even cooperative banking. Think of it as a community-driven safety net that can help you plan for the future while connecting with others who have similar goals."
Private_equity,investment fund,History_and_Society.Business_and_economics,"Private equity typically refers to investment funds organized as limited partnerships that are not publicly traded and whose investors are typically large institutional investors, university endowments, or wealthy individuals.","Private equity is a type of investment fund that is not traded on the stock market. It is usually set up as a limited partnership and is funded by large institutions, university endowments, or wealthy individuals.","Private equity generally refers to a type of investment fund that is structured as a limited partnership and is not available for public trading. These funds pool capital from investors, who are usually large institutional entities, university endowments, or high-net-worth individuals. The purpose of these funds is to invest in private companies or buy out public companies, with the goal of improving their value over time before eventually selling them for a profit.","Private equity typically refers to investment funds organized as limited partnerships that are not publicly traded and whose investors are typically large institutional investors, university endowments, or wealthy individuals. An investment fund is a way of investing money alongside other investors in order to benefit from the inherent advantages of working as part of a group such as reducing the risks of the investment by a significant percentage.","Private equity is like a secret club for big-time investors. These investment funds are set up as limited partnerships and aren't available on the stock market. Instead, they're backed by major players like university endowments, wealthy individuals, and large institutions. Think of it as a way for the financial heavyweights to pool their resources and invest in companies or projects with the potential for high returns."
Iliac_crest,ilium,STEM.Medicine_&_Health,The crest of the ilium (or iliac crest) is the superior border of the wing of ilium and the superolateral margin of the greater pelvis.,"The ilium is the upper part of the hip bone, and the iliac crest is the top edge of this bone.","The ilium is a large, broad bone that forms the upper part of the pelvis. The crest of the ilium, also known as the iliac crest, is the top edge of this bone. It serves as the upper boundary of the ilium's wing and forms the upper side edge of the greater pelvis. This crest is an important anatomical feature, providing attachment points for various muscles and ligaments and playing a crucial role in the structure and function of the pelvis.","The crest of the ilium (or iliac crest) is the superior border of the wing of ilium and the superolateral margin of the greater pelvis. The ileum () is the final section of the small intestine in most higher vertebrates, including mammals, reptiles, and birds.","The iliac crest is the top edge of the hip bone, forming the upper boundary of the pelvis. It's that bony ridge you can feel when you put your hands on your hips, playing a crucial role in both the structure and movement of the body."
World_communism,communism,History_and_Society.Politics_and_government,"World communism, also known as international communism or global communism, is a form of communism that involves international scope.","World communism, also called international or global communism, is a type of communism that aims to spread across the world.","World communism, also referred to as international or global communism, is a form of communism that envisions a worldwide system where the means of production are collectively owned and controlled by the global community. This concept extends beyond national borders, advocating for a classless, stateless society on an international scale, where resources and power are distributed equitably among all people, regardless of nationality.","World communism, also known as international communism or global communism, is a form of communism that involves international scope. Communism (from Latin communis, 'common, universal') is a sociopolitical, philosophical, and economic ideology within the socialist movement, whose goal is the creation of a communist society, a socioeconomic order centered around common ownership of the means of production, distribution, and exchange that allocates products to everyone in the society based on need.","Communism is a political and economic ideology that envisions a classless society where resources and means of production are collectively owned. Imagine a world where cities are designed with shared spaces and resources, prioritizing community needs over individual wealth. World communism, or international communism, takes this idea global, aiming for a society where these principles are applied across borders, fostering international cooperation and equality."
Cachexia,syndrome,STEM.Medicine_&_Health,"Cachexia or wasting syndrome is loss of weight, muscle atrophy, fatigue, weakness, and significant loss of appetite in someone who is not actively trying to lose weight.","Cachexia, or wasting syndrome, is when a person unintentionally loses weight, muscle, and appetite, and feels very tired and weak.","Cachexia, also known as wasting syndrome, is a complex condition characterized by an involuntary loss of weight, muscle atrophy, fatigue, weakness, and a significant decrease in appetite. This syndrome occurs in individuals who are not intentionally trying to lose weight. The term ""syndrome"" refers to a collection of symptoms and signs that often occur together and characterize a particular abnormality or condition. In the case of cachexia, these symptoms collectively indicate a severe health issue often associated with chronic illnesses such as cancer, heart failure, or chronic obstructive pulmonary disease (COPD).","Cachexia or wasting syndrome is loss of weight, muscle atrophy, fatigue, weakness, and significant loss of appetite in someone who is not actively trying to lose weight. A syndrome is a set of medical signs and symptoms which are correlated with each other and often associated with a particular disease or disorder.","Cachexia, also known as wasting syndrome, is like your body hitting the ""drain"" button without your permission. Imagine losing weight, muscle, and energy, feeling constantly tired and weak, and having zero appetite without trying to shed any pounds. It's a serious condition that can really take a toll on your health."